{
    "Standalone 1D CNN": {
        "Accuracy": 0.7204811649256093,
        "Precision": 0.2595416486377749,
        "Recall": 0.29330997132844855,
        "F1-Score": 0.24026012071952507,
        "ROC-AUC": 0.38870452096039276,
        "Confusion Matrix": [
            [
                2212,
                2,
                1,
                795
            ],
            [
                1,
                0,
                0,
                0
            ],
            [
                0,
                0,
                0,
                2
            ],
            [
                82,
                0,
                0,
                64
            ]
        ]
    },
    "Standalone LSTM": {
        "Accuracy": 0.0205761316872428,
        "Precision": 0.012780217120008682,
        "Recall": 0.3595890410958904,
        "F1-Score": 0.022942803341255757,
        "ROC-AUC": 0.4233074827230644,
        "Confusion Matrix": [
            [
                0,
                1811,
                0,
                1199
            ],
            [
                0,
                1,
                0,
                0
            ],
            [
                0,
                0,
                0,
                2
            ],
            [
                0,
                82,
                0,
                64
            ]
        ]
    },
    "1D CNN-GRU": {
        "Accuracy": 0.7603672048116492,
        "Precision": 0.2536348326807981,
        "Recall": 0.264672552678287,
        "F1-Score": 0.23962621863671338,
        "ROC-AUC": 0.5427120155236136,
        "Confusion Matrix": [
            [
                2362,
                4,
                2,
                642
            ],
            [
                1,
                0,
                0,
                0
            ],
            [
                2,
                0,
                0,
                0
            ],
            [
                106,
                0,
                0,
                40
            ]
        ]
    },
    "CNN-BiLSTM": {
        "Accuracy": 0.34156378600823045,
        "Precision": 0.2558330438658007,
        "Recall": 0.27698425340190236,
        "F1-Score": 0.1454340866105572,
        "ROC-AUC": 0.4650284645487508,
        "Confusion Matrix": [
            [
                964,
                10,
                5,
                2031
            ],
            [
                0,
                0,
                0,
                1
            ],
            [
                0,
                0,
                0,
                2
            ],
            [
                30,
                1,
                0,
                115
            ]
        ]
    },
    "Lightweight Transformer": {
        "Accuracy": 0.04779993668882558,
        "Precision": 0.2616655865197667,
        "Recall": 0.24715673781459063,
        "F1-Score": 0.02343732053019687,
        "ROC-AUC": 0.53846784873156,
        "Confusion Matrix": [
            [
                7,
                40,
                24,
                2939
            ],
            [
                0,
                0,
                0,
                1
            ],
            [
                0,
                0,
                0,
                2
            ],
            [
                0,
                2,
                0,
                144
            ]
        ]
    },
    "1D CNN-LSTM": {
        "Accuracy": 0.6391263057929725,
        "Precision": 0.2523607374410091,
        "Recall": 0.2638180949346926,
        "F1-Score": 0.21723818964755204,
        "ROC-AUC": 0.5561148136154601,
        "Confusion Matrix": [
            [
                1960,
                1,
                2,
                1047
            ],
            [
                1,
                0,
                0,
                0
            ],
            [
                2,
                0,
                0,
                0
            ],
            [
                87,
                0,
                0,
                59
            ]
        ]
    }
}