{
    "Standalone 1D CNN": {
        "Accuracy": 0.6660335549224438,
        "Precision": 0.2545975822285985,
        "Recall": 0.27250716788786233,
        "F1-Score": 0.2245396256989387,
        "ROC-AUC": 0.4353341084293873,
        "Confusion Matrix": [
            [
                2044,
                5,
                2,
                959
            ],
            [
                1,
                0,
                0,
                0
            ],
            [
                0,
                0,
                0,
                2
            ],
            [
                85,
                0,
                1,
                60
            ]
        ]
    },
    "Standalone LSTM": {
        "Accuracy": 0.00031655587211142766,
        "Precision": 7.921419518377693e-05,
        "Recall": 0.25,
        "F1-Score": 0.00015837820715869496,
        "ROC-AUC": 0.5309729432042336,
        "Confusion Matrix": [
            [
                0,
                3007,
                3,
                0
            ],
            [
                0,
                1,
                0,
                0
            ],
            [
                0,
                2,
                0,
                0
            ],
            [
                0,
                146,
                0,
                0
            ]
        ]
    },
    "1D CNN-GRU": {
        "Accuracy": 0.7831592276036721,
        "Precision": 0.2559073677913532,
        "Recall": 0.2706526191234697,
        "F1-Score": 0.24583144663983086,
        "ROC-AUC": 0.5489723130498052,
        "Confusion Matrix": [
            [
                2434,
                3,
                9,
                564
            ],
            [
                1,
                0,
                0,
                0
            ],
            [
                1,
                0,
                0,
                1
            ],
            [
                106,
                0,
                0,
                40
            ]
        ]
    },
    "CNN-BiLSTM": {
        "Accuracy": 0.6293130737575182,
        "Precision": 0.25782828282828285,
        "Recall": 0.29219951758976925,
        "F1-Score": 0.22101802388972475,
        "ROC-AUC": 0.4279304055911578,
        "Confusion Matrix": [
            [
                1910,
                2,
                7,
                1091
            ],
            [
                1,
                0,
                0,
                0
            ],
            [
                1,
                0,
                0,
                1
            ],
            [
                68,
                0,
                0,
                78
            ]
        ]
    },
    "Lightweight Transformer": {
        "Accuracy": 0.09401709401709402,
        "Precision": 0.2499158786625721,
        "Recall": 0.242990260774587,
        "F1-Score": 0.04772578980836294,
        "ROC-AUC": 0.44645543514397723,
        "Confusion Matrix": [
            [
                163,
                55,
                44,
                2748
            ],
            [
                0,
                0,
                0,
                1
            ],
            [
                0,
                0,
                0,
                2
            ],
            [
                8,
                1,
                3,
                134
            ]
        ]
    },
    "1D CNN-LSTM": {
        "Accuracy": 0.6612852168407723,
        "Precision": 0.3847598842210911,
        "Recall": 0.4255051654303008,
        "F1-Score": 0.3544394097387308,
        "ROC-AUC": 0.6900834781308722,
        "Confusion Matrix": [
            [
                2010,
                4,
                1,
                995
            ],
            [
                1,
                0,
                0,
                0
            ],
            [
                1,
                0,
                1,
                0
            ],
            [
                68,
                0,
                0,
                78
            ]
        ]
    }
}